{
    "roc_auc": 0.9985829116801541,
    "pr_auc": 0.9983797106003337,
    "classification_report": {
        "0": {
            "precision": 0.983566001060258,
            "recall": 0.9964196204797708,
            "f1-score": 0.9899510893730546,
            "support": 5586.0
        },
        "1": {
            "precision": 0.9952841311011554,
            "recall": 0.978442280945758,
            "f1-score": 0.986791350087668,
            "support": 4314.0
        },
        "accuracy": 0.9885858585858586,
        "macro avg": {
            "precision": 0.9894250660807067,
            "recall": 0.9874309507127644,
            "f1-score": 0.9883712197303614,
            "support": 9900.0
        },
        "weighted avg": {
            "precision": 0.9886722649992916,
            "recall": 0.9885858585858586,
            "f1-score": 0.9885742090420285,
            "support": 9900.0
        }
    },
    "reentrenado_el": "2026-04-23 21:31:47",
    "n_errores_incorporados": 200,
    "complejidad": "rapido",
    "best_params": {
        "n_estimators": 150,
        "max_depth": "20"
    },
    "graficas_dir": "C:\\Users\\Julia\\Documents\\Juli\u00e1n\\Universidad\\Proyecto\\Codigo proyecto de grado\\out_detection\\graficas\\2"
}