{
    "roc_auc": 0.9992239606234607,
    "pr_auc": 0.9990939683547327,
    "classification_report": {
        "0": {
            "precision": 0.9860374690703428,
            "recall": 0.9987468671679198,
            "f1-score": 0.9923514763429384,
            "support": 5586.0
        },
        "1": {
            "precision": 0.9983498349834984,
            "recall": 0.9816875289754289,
            "f1-score": 0.9899485741000468,
            "support": 4314.0
        },
        "accuracy": 0.9913131313131314,
        "macro avg": {
            "precision": 0.9921936520269206,
            "recall": 0.9902171980716743,
            "f1-score": 0.9911500252214926,
            "support": 9900.0
        },
        "weighted avg": {
            "precision": 0.9914026757924997,
            "recall": 0.9913131313131314,
            "f1-score": 0.9913043934867936,
            "support": 9900.0
        }
    },
    "reentrenado_el": "2026-04-16 15:43:21",
    "n_errores_incorporados": 200,
    "complejidad": "rapido",
    "best_params": {
        "n_estimators": 150,
        "max_depth": "20"
    },
    "graficas_dir": "C:\\Users\\Julia\\Documents\\Juli\u00e1n\\Universidad\\Proyecto\\Codigo proyecto de grado\\out_detection\\graficas\\xd"
}