{
    "roc_auc": 0.9987397711445314,
    "pr_auc": 0.9985443576715258,
    "classification_report": {
        "0": {
            "precision": 0.9861824623560673,
            "recall": 0.9965986394557823,
            "f1-score": 0.9913631911673048,
            "support": 5586.0
        },
        "1": {
            "precision": 0.9955346650998825,
            "recall": 0.9819193324061196,
            "f1-score": 0.9886801260357101,
            "support": 4314.0
        },
        "accuracy": 0.9902020202020202,
        "macro avg": {
            "precision": 0.990858563727975,
            "recall": 0.989258985930951,
            "f1-score": 0.9900216586015074,
            "support": 9900.0
        },
        "weighted avg": {
            "precision": 0.9902577555517057,
            "recall": 0.9902020202020202,
            "f1-score": 0.9901940252099614,
            "support": 9900.0
        }
    },
    "reentrenado_el": "2026-04-22 21:07:01",
    "n_errores_incorporados": 200,
    "complejidad": "rapido",
    "best_params": {
        "n_estimators": 150,
        "max_depth": "20"
    },
    "graficas_dir": "C:\\Users\\Julia\\Documents\\Juli\u00e1n\\Universidad\\Proyecto\\Codigo proyecto de grado\\out_detection\\graficas\\xd"
}