{
    "roc_auc": 0.9202735496632998,
    "pr_auc": 0.9282427937353344,
    "classification_report": {
        "0": {
            "precision": 0.900568702990277,
            "recall": 0.9999814814814815,
            "f1-score": 0.9476750818262388,
            "support": 54000.0
        },
        "1": {
            "precision": 0.999963016383742,
            "recall": 0.8193333333333334,
            "f1-score": 0.9006812238711505,
            "support": 33000.0
        },
        "accuracy": 0.9314597701149425,
        "macro avg": {
            "precision": 0.9502658596870095,
            "recall": 0.9096574074074074,
            "f1-score": 0.9241781528486946,
            "support": 87000.0
        },
        "weighted avg": {
            "precision": 0.9382699942774534,
            "recall": 0.9314597701149425,
            "f1-score": 0.9298498253605155,
            "support": 87000.0
        }
    },
    "best_params": {
        "max_depth": null,
        "min_samples_split": 5,
        "n_estimators": 400
    }
}